Aman Shukla,Shukla,aman@gmail.com,aman@gmail.com,Micron123
Aditya Sinha,Sinha,aditya@gmail.com,aditya@gmail.com,Micron456
Aditi Rana,Rana,aditi@gmail.com,aditi@gmail.com,Micron789
Rajalakshmi Giri, Giri,Rajalakshmi@gamil.com,Rajalakshmi@gamil.com,Micron122
Pratima Bharti,Bharti,pratima@gmail.com,pratima@gmail.com,Micron345
Biswajit Jena,Jena,biswajit@gmail.com,biswajit@gmail.com,Micron23
Shorjo Sengupta,Sengupta,shorjo@gmail.com,shorjo@gmail.com,Micron56
Ritwik Shrivastava,Shrivastava,ritwik@gmail.com,ritwik@gmail.com,Micron678
